industry,words
environmental services,leader
environmental services,power
environmental services,pride
environmental services,solut
environmental services,capabl
environmental services,skill
environmental services,activ
environmental services,focus
environmental services,solut
environmental services,success
environmental services,object
environmental services,skill
environmental services,lead
environmental services,activ
environmental services,individu
environmental services,activ
environmental services,leader
environmental services,activ
environmental services,fulfil
environmental services,activ
environmental services,independ
environmental services,solut
environmental services,activ
environmental services,focus
environmental services,individu
environmental services,lead
environmental services,success
environmental services,competit
environmental services,lead
environmental services,success
environmental services,individu
environmental services,individu
environmental services,lead
environmental services,skill
environmental services,skill
environmental services,activ
environmental services,fulfil
environmental services,activ
environmental services,competit
environmental services,skill
environmental services,activ
environmental services,leadership
environmental services,lead
environmental services,object
environmental services,solut
environmental services,activ
environmental services,object
environmental services,effici
environmental services,focus
environmental services,leader
environmental services,leader
environmental services,lead
environmental services,skill
environmental services,effici
environmental services,individu
environmental services,principl
environmental services,leadership
environmental services,success
environmental services,object
environmental services,power
environmental services,leader
environmental services,achiev
environmental services,skill
environmental services,activ
environmental services,object
environmental services,skill
environmental services,focus
environmental services,effici
environmental services,focus
environmental services,analysi
environmental services,lead
environmental services,independ
environmental services,analyst
environmental services,skill
environmental services,focus
environmental services,individu
environmental services,activ
environmental services,success
environmental services,individu
environmental services,object
environmental services,success
environmental services,skill
environmental services,focus
environmental services,fulfil
environmental services,activ
environmental services,focus
environmental services,lead
environmental services,lead
environmental services,effici
environmental services,individu
environmental services,activ
environmental services,individu
environmental services,solut
environmental services,object
environmental services,analysi
environmental services,activ
environmental services,activ
environmental services,activ
environmental services,individu
environmental services,power
environmental services,skill
environmental services,achiev
environmental services,lead
environmental services,solut
environmental services,digniti
environmental services,determin
environmental services,independ
environmental services,skill
environmental services,leader
environmental services,skill
environmental services,pride
environmental services,leadership
environmental services,compet
environmental services,lead
environmental services,skill
environmental services,lead
environmental services,activ
environmental services,determin
environmental services,achiev
environmental services,solut
environmental services,analyz
environmental services,individu
environmental services,principl
environmental services,individu
environmental services,solut
environmental services,focus
environmental services,skill
environmental services,independ
environmental services,determin
environmental services,independ
environmental services,independ
environmental services,principl
environmental services,individu
environmental services,leader
environmental services,leader
environmental services,leader
environmental services,activ
environmental services,lead
environmental services,leader
environmental services,activ
environmental services,independ
environmental services,solut
environmental services,lead
environmental services,leadership
environmental services,individu
environmental services,leader
environmental services,fulfil
environmental services,skill
environmental services,capabl
environmental services,focus
environmental services,fulfil
environmental services,digniti
environmental services,ambiti
environmental services,achiev
environmental services,individu
environmental services,activ
environmental services,leader
environmental services,activ
environmental services,ambiti
environmental services,individu
environmental services,skill
environmental services,solut
environmental services,independ
environmental services,forc
environmental services,individu
environmental services,compet
environmental services,lead
environmental services,activ
environmental services,achiev
environmental services,superior
environmental services,leader
environmental services,activ
environmental services,skill
environmental services,effici
environmental services,solut
environmental services,object
environmental services,pride
environmental services,skill
environmental services,success
environmental services,skill
environmental services,lead
environmental services,individu
environmental services,forc
environmental services,solut
environmental services,pride
environmental services,activ
environmental services,skill
environmental services,skill
environmental services,skill
environmental services,individu
environmental services,independ
environmental services,skill
environmental services,strategi
environmental services,skill
environmental services,competit
environmental services,fulfil
environmental services,activ
environmental services,activ
environmental services,pride
environmental services,compet
environmental services,pride
environmental services,skill
environmental services,skill
environmental services,effici
environmental services,skill
environmental services,capabl
environmental services,focus
environmental services,analysi
environmental services,effici
environmental services,individu
environmental services,forc
environmental services,honor
environmental services,activ
environmental services,activ
environmental services,solut
environmental services,individu
environmental services,leader
environmental services,individu
environmental services,lead
environmental services,pride
environmental services,skill
environmental services,effici
environmental services,lead
environmental services,fulfil
environmental services,focus
environmental services,skill
environmental services,capabl
environmental services,focus
environmental services,challeng
environmental services,success
environmental services,solut
environmental services,lead
environmental services,leadership
environmental services,lead
environmental services,activ
environmental services,focus
environmental services,pride
environmental services,power
environmental services,leadership
environmental services,activ
environmental services,power
environmental services,skill
environmental services,individu
environmental services,power
environmental services,activ
environmental services,principl
environmental services,competit
environmental services,fulfil
environmental services,skill
environmental services,analyt
environmental services,effici
environmental services,focus
environmental services,object
environmental services,effici
environmental services,skill
environmental services,individu
environmental services,analysi
environmental services,individu
environmental services,lead
environmental services,activ
environmental services,solut
environmental services,object
environmental services,skill
environmental services,focus
environmental services,activ
environmental services,achiev
environmental services,skill
environmental services,digniti
environmental services,skill
environmental services,independ
environmental services,leader
environmental services,skill
environmental services,activ
environmental services,power
environmental services,skill
environmental services,achiev
environmental services,skill
environmental services,focus
environmental services,focus
environmental services,independ
environmental services,skill
environmental services,object
environmental services,leader
environmental services,skill
environmental services,lead
environmental services,leader
environmental services,lead
environmental services,principl
environmental services,leader
environmental services,skill
environmental services,effici
environmental services,determin
environmental services,individu
environmental services,lead
environmental services,leader
environmental services,pride
environmental services,activ
environmental services,activ
environmental services,lead
environmental services,solut
environmental services,effici
environmental services,activ
environmental services,skill
environmental services,activ
environmental services,independ
environmental services,individu
environmental services,skill
environmental services,pride
environmental services,principl
environmental services,forc
environmental services,skill
environmental services,strateg
environmental services,compet
environmental services,focus
environmental services,effici
environmental services,skill
environmental services,leadership
environmental services,skill
environmental services,activ
environmental services,activ
environmental services,activ
environmental services,effici
environmental services,skill
environmental services,pride
environmental services,competit
environmental services,fulfil
environmental services,focus
environmental services,skill
environmental services,capabl
environmental services,competit
environmental services,suggest
environmental services,achiev
environmental services,focus
environmental services,leader
environmental services,solut
environmental services,lead
environmental services,leader
environmental services,success
environmental services,leader
environmental services,object
environmental services,individu
environmental services,individu
environmental services,effici
environmental services,lead
environmental services,lead
environmental services,achiev
environmental services,effici
environmental services,superior
environmental services,leadership
environmental services,leader
environmental services,effici
environmental services,capabl
environmental services,power
environmental services,activ
environmental services,individu
environmental services,skill
environmental services,leadership
environmental services,skill
environmental services,skill
environmental services,digniti
environmental services,digniti
environmental services,independ
environmental services,solut
environmental services,individu
environmental services,pride
environmental services,leadership
environmental services,skill
environmental services,solut
environmental services,lead
environmental services,activ
environmental services,leadership
environmental services,activ
environmental services,activ
environmental services,activ
environmental services,compet
environmental services,object
environmental services,lead
environmental services,suggest
environmental services,skill
environmental services,object
environmental services,lead
environmental services,skill
environmental services,activ
environmental services,solut
environmental services,effici
environmental services,solut
environmental services,logic
environmental services,principl
environmental services,effici
environmental services,compet
environmental services,focus
environmental services,skill
environmental services,activ
environmental services,skill
environmental services,capabl
environmental services,fulfil
environmental services,skill
environmental services,skill
environmental services,pride
environmental services,effici
environmental services,focus
environmental services,fulfil
environmental services,skill
environmental services,leader
environmental services,individu
environmental services,individu
environmental services,effici
environmental services,success
environmental services,independ
environmental services,activ
environmental services,activ
environmental services,lead
environmental services,object
environmental services,independ
environmental services,power
environmental services,focus
environmental services,skill
environmental services,skill
environmental services,leadership
environmental services,digniti
environmental services,compet
environmental services,solut
environmental services,leadership
environmental services,individu
environmental services,digniti
environmental services,lead
environmental services,focus
environmental services,individu
environmental services, lead
environmental services, activ
environmental services, solut
environmental services, lead
environmental services, solut
environmental services, capabl
environmental services, skill
environmental services, success
environmental services, effici
environmental services, success
environmental services, success
environmental services, superior
environmental services, achiev
environmental services, individu
environmental services, focus
environmental services, principl
environmental services, focus
environmental services, success
environmental services, skill
environmental services, skill
environmental services, leadership
environmental services, individu
environmental services, independ
environmental services, solut
environmental services, skill
environmental services, focus
environmental services, leadership
environmental services, object
environmental services, ambiti
environmental services, superior
environmental services, skill
environmental services, skill
environmental services, skill
environmental services, competit
environmental services, skill
environmental services, superior
environmental services, skill
environmental services, success
environmental services, skill
environmental services, skill
environmental services, competit
environmental services, focus
environmental services, challeng
environmental services, achiev
environmental services, superior
environmental services, skill
environmental services, skill
environmental services, activ
environmental services, effici
environmental services, suggest
environmental services, skill
environmental services, individu
environmental services, individu
environmental services, independ
environmental services, capabl
environmental services, activ
environmental services, capabl
environmental services, skill
environmental services, individu
environmental services, individu
environmental services, decis
environmental services, success
environmental services, skill
environmental services, individu
environmental services, individu
environmental services, activ
environmental services, skill
environmental services, aggress
environmental services, superior
environmental services, suggest
environmental services, independ
environmental services, activ
environmental services, skill
environmental services, focus
environmental services, challeng
environmental services, focus
environmental services, skill
environmental services, achiev
environmental services, success
environmental services, skill
environmental services, skill
environmental services, skill
environmental services, intellectu
environmental services, leader
environmental services, strateg
environmental services, superior
environmental services, skill
environmental services, capabl
environmental services, activ
environmental services, effici
environmental services, superior
environmental services, solut
environmental services, achiev
environmental services, competit
environmental services, competit
environmental services, success
environmental services, compet
environmental services, achiev
environmental services, success
environmental services, activ
environmental services, solut
environmental services, skill
environmental services, independ
environmental services, leadership
environmental services, capabl
environmental services, skill
environmental services, solut
environmental services, individu
environmental services, effici
environmental services, skill
environmental services, skill
environmental services, lead
environmental services, activ
environmental services, object
environmental services, capabl
environmental services, leadership
environmental services, skill
environmental services, leadership
environmental services, individu
environmental services, skill
environmental services, individu
environmental services, lead
environmental services, individu
environmental services, capabl
environmental services, challeng
environmental services, solut
environmental services, competit
environmental services, individu
environmental services, skill
environmental services, competit
environmental services, power
environmental services, focus
environmental services, activ
environmental services, skill
environmental services, skill
environmental services, skill
environmental services, skill
environmental services, skill
environmental services, leadership
environmental services, individu
environmental services, lead
environmental services, activ
environmental services, lead
environmental services, capabl
environmental services, skill
environmental services, lead
environmental services, independ
environmental services, activ
environmental services, solut
environmental services, effici
environmental services, skill
environmental services, skill
environmental services, superior
environmental services, skill
environmental services, skill
environmental services, solut
environmental services, competit
environmental services, independ
environmental services, compet
environmental services, capabl
environmental services, lead
environmental services, skill
environmental services, skill
environmental services, individu
environmental services, activ
environmental services, principl
environmental services, strength
environmental services, principl
environmental services, skill
environmental services, skill
environmental services, achiev
environmental services, skill
environmental services, effici
environmental services, solut
environmental services, effici
environmental services, superior
environmental services, capabl
environmental services, challeng
environmental services, capabl
environmental services, skill
environmental services, individu
environmental services, success
environmental services, activ
environmental services, principl
environmental services, confid
environmental services, superior
environmental services, determin
environmental services, independ
environmental services, success
environmental services, skill
environmental services, lead
environmental services, leadership
environmental services, achiev
environmental services, achiev
environmental services, skill
environmental services, pride
environmental services, independ
environmental services, activ
environmental services, individu
environmental services, analyz
environmental services, capabl
environmental services, skill
environmental services, independ
environmental services, solut
environmental services, skill
environmental services, analyt
environmental services, focus
environmental services, success
environmental services, leader
environmental services, superior
environmental services, skill
environmental services, aggress
environmental services, skill
environmental services, achiev
environmental services, leader
environmental services, intellectu
environmental services, leader
environmental services, capabl
environmental services, achiev
environmental services, leader
environmental services, lead
environmental services, pride
environmental services, superior
environmental services, capabl
environmental services, focus
environmental services, activ
environmental services, focus
environmental services, independ
environmental services, analysi
environmental services, activ
environmental services, leadership
environmental services, individu
environmental services, success
environmental services, achiev
environmental services, skill
environmental services, skill
environmental services, leadership
environmental services, lead
environmental services, skill
environmental services, skill
environmental services, success
environmental services, activ
environmental services, activ
environmental services, lead
environmental services, skill
environmental services, power
environmental services, superior
environmental services, solut
environmental services, compet
environmental services, effici
environmental services, leadership
environmental services, skill
environmental services, skill
environmental services, individu
environmental services, superior
environmental services, lead
environmental services, competit
environmental services, principl
environmental services, skill
environmental services, compet
environmental services, analyz
environmental services, solut
environmental services, skill
environmental services, superior
environmental services, capabl
environmental services, solut
environmental services, skill
environmental services, compet
environmental services, leader
environmental services, capabl
environmental services, leadership
environmental services, effici
environmental services, achiev
environmental services, individu
environmental services, lead
environmental services, independ
environmental services, skill
environmental services, focus
environmental services, capabl
environmental services, success
environmental services, determin
environmental services, leader
environmental services, focus
environmental services, success
environmental services, achiev
environmental services, principl
environmental services, leader
environmental services, skill
environmental services, achiev
environmental services, achiev
environmental services, skill
environmental services, skill
environmental services, activ
environmental services, achiev
environmental services, skill
environmental services, honor
environmental services, independ
environmental services, individu
environmental services, superior
environmental services, skill
environmental services, skill
environmental services, principl
environmental services, skill
environmental services, leader
environmental services, object
environmental services, skill
environmental services, individu
environmental services, effici
environmental services, lead
environmental services, compet
environmental services, independ
environmental services, lead
environmental services, superior
environmental services, leader
environmental services, activ
environmental services, skill
environmental services, decis
environmental services, compet
environmental services, individu
environmental services, skill
environmental services, skill
environmental services, competit
environmental services, skill
environmental services, analyz
environmental services, superior
environmental services, analysi
environmental services, independ
environmental services, compet
environmental services, capabl
environmental services, superior
environmental services, achiev
environmental services, skill
environmental services, focus
environmental services, capabl
environmental services, skill
environmental services, skill
environmental services, effici
environmental services, skill
environmental services, skill
environmental services, independ
environmental services, activ
environmental services, individu
environmental services, capabl
environmental services, skill
environmental services, lead
environmental services, skill
environmental services, skill
environmental services, success
environmental services, activ
environmental services, activ
environmental services, individu
environmental services, activ
environmental services, independ
environmental services, competit
environmental services, object
environmental services, leader
environmental services, skill
environmental services, object
environmental services, individu
environmental services, digniti
environmental services, solut
environmental services, challeng
environmental services, achiev
environmental services, skill
environmental services, leader
environmental services, skill
environmental services, strengthen
environmental services, lead
environmental services, effici
environmental services, skill
environmental services, leadership
environmental services, power
environmental services, pride
environmental services, determin
environmental services, focus
environmental services, capabl
environmental services, honor
environmental services, principl
environmental services, lead
environmental services, decis
environmental services, independ
environmental services, principl
environmental services, achiev
environmental services, solut
environmental services, activ
environmental services, analysi
environmental services, competit
environmental services, skill
environmental services, challeng
environmental services, opinion
environmental services, independ
environmental services, effici
environmental services, leader
environmental services, lead
environmental services, individu
environmental services, forc
environmental services, skill
environmental services, pride
environmental services, capabl
environmental services, achiev
environmental services, capabl
environmental services, object
environmental services, competit
environmental services, individu
environmental services, competit
environmental services, skill
environmental services, individu
environmental services, honor
environmental services, lead
environmental services, digniti
environmental services, lead
environmental services, activ
environmental services, success
environmental services, skill
environmental services, skill
environmental services, individu
environmental services, individu
environmental services, honor
environmental services, challeng
environmental services, focus
environmental services, individu
environmental services, activ
environmental services, competit
environmental services, focus
environmental services, competit
environmental services, focus
environmental services, activ
environmental services, skill
environmental services, competit
environmental services, success
environmental services, effici
environmental services, individu
environmental services, object
environmental services, analysi
environmental services, independ
environmental services, digniti
environmental services, activ
environmental services, pride
environmental services, analyt
environmental services, leader
environmental services, object
environmental services, individu
environmental services, effici
environmental services, activ
environmental services, skill
environmental services, skill
environmental services, leader
environmental services, strateg
environmental services, principl
environmental services, skill
environmental services, success
environmental services, competit
environmental services, activ
environmental services, compet
environmental services, activ
environmental services, skill
environmental services, leader
environmental services, skill
environmental services, effici
environmental services, solut
environmental services, decis
environmental services, effici
environmental services, competit
environmental services, success
environmental services, lead
environmental services, individu
environmental services, lead
environmental services, individu
environmental services, activ
environmental services, lead
environmental services, skill
environmental services, individu
environmental services, compet
environmental services, effici
environmental services, object
environmental services, achiev
environmental services, competit
environmental services, digniti
environmental services, analyz
environmental services, lead
environmental services, analyz
environmental services, competit
environmental services, individu
environmental services, competit
environmental services, individu
environmental services, object
environmental services, independ
environmental services, success
environmental services, achiev
environmental services, independ
environmental services, effici
environmental services, lead
environmental services, effici
environmental services, honor
environmental services, digniti
environmental services, competit
environmental services, solut
environmental services, honor
environmental services, skill
environmental services, capabl
environmental services, skill
environmental services, leadership
environmental services, leadership
environmental services, strengthen
environmental services, decis
environmental services, decis
environmental services, determin
environmental services, achiev
environmental services, success
environmental services, competit
environmental services, capabl
environmental services, challeng
environmental services, skill
environmental services, object
environmental services, digniti
environmental services, power
environmental services, effici
environmental services, forc
environmental services, challeng
environmental services, leadership
environmental services, analyst
environmental services, honor
environmental services, skill
environmental services, leadership
environmental services, lead
environmental services, individu
environmental services, independ
environmental services, skill
environmental services, honor
environmental services, individu
environmental services, skill
environmental services, skill
environmental services, leadership
environmental services, challeng
environmental services, challeng
environmental services, capabl
environmental services, skill
environmental services, solut
environmental services, skill
environmental services, solut
environmental services, success
environmental services, strategi
environmental services, skill
environmental services, determin
environmental services, activ
environmental services, strength
environmental services, effici
environmental services, competit
environmental services, activ
environmental services, individu
environmental services, decis
environmental services, leadership
environmental services, achiev
environmental services, skill
environmental services, effici
environmental services, individu
environmental services, activ
environmental services, competit
environmental services, skill
environmental services, digniti
environmental services, analyz
environmental services, individu
environmental services, independ
environmental services, activ
environmental services, individu
environmental services, lead
environmental services, decis
environmental services, competit
environmental services, honor
environmental services, skill
environmental services, compet
environmental services, strength
environmental services, pride
environmental services, honor
environmental services, skill
environmental services, skill
environmental services, leader
environmental services, skill
environmental services, leadership
environmental services, activ
environmental services, leadership
environmental services, honor
environmental services, forc
environmental services, skill
environmental services, honor
environmental services, challeng
environmental services, capabl
environmental services, skill
environmental services, individu
environmental services, activ
environmental services, individu
environmental services, skill
environmental services, skill
environmental services, independ
environmental services, decis
environmental services, skill
environmental services, compet
environmental services, leader
environmental services, lead
environmental services, decis
environmental services, competit
environmental services, leadership
environmental services, effici
environmental services, activ
environmental services, skill
environmental services, skill
environmental services, object
environmental services, effici
environmental services, leadership
environmental services, skill
environmental services, leadership
environmental services, skill
environmental services, independ
environmental services, individu
environmental services, lead
environmental services, decis
environmental services, honor
environmental services, solut
environmental services, competit
environmental services, skill
environmental services, skill
environmental services, leadership
environmental services, honor
environmental services, forc
environmental services, individu
environmental services, individu
environmental services, independ
environmental services, decis
environmental services, certain
environmental services, lead
environmental services, skill
environmental services, independ
environmental services, individu
environmental services, individu
environmental services, capabl
environmental services, effici
environmental services, effici
environmental services, effici
environmental services, strength
environmental services, object
environmental services, competit
environmental services, object
environmental services, leadership
environmental services, achiev
environmental services, focus
environmental services, skill
environmental services, skill
environmental services, compet
environmental services, activ
environmental services, compet
environmental services, skill
environmental services, object
environmental services, activ
environmental services, power
environmental services, leadership
environmental services, success
environmental services, individu
environmental services, capabl
environmental services, leadership
environmental services, analysi
environmental services, capabl
environmental services, solut
environmental services, challeng
environmental services, focus
environmental services, analysi
environmental services, focus
environmental services, activ
environmental services, independ
environmental services, activ
environmental services, compet
environmental services, capabl
environmental services, compet
environmental services, power
environmental services, success
environmental services, object
environmental services, lead
environmental services, lead
environmental services, solut
environmental services, challeng
environmental services, object
environmental services, solut
environmental services, individu
environmental services, challeng
environmental services, power
environmental services, leadership
environmental services, skill
environmental services, principl
environmental services, determin
environmental services, decis
environmental services, honor
environmental services, object
environmental services, challeng
environmental services, independ
environmental services, success
environmental services, skill
environmental services, skill
environmental services, effici
environmental services, pride
environmental services, focus
environmental services, compet
environmental services, individu
environmental services, independ
environmental services, skill
environmental services, effici
environmental services, effici
environmental services, individu
environmental services, skill
environmental services, strategi
environmental services, solut
environmental services, skill
environmental services, leader
environmental services, compet
environmental services, leadership
environmental services, individu
environmental services, determin
environmental services, compet
environmental services, digniti
environmental services, activ
environmental services, skill
environmental services, object
environmental services, independ
environmental services, determin
environmental services, activ
environmental services, decis
environmental services, leadership
environmental services, decis
environmental services, activ
environmental services, skill
environmental services, boast
environmental services, leadership
environmental services, focus
environmental services, leadership
environmental services, leadership
environmental services, activ
environmental services, strength
environmental services, individu
environmental services, activ
environmental services, skill
environmental services, achiev
environmental services, autonom
environmental services, effici
environmental services, object
environmental services, skill
environmental services, lead
environmental services, individu
environmental services, effici
environmental services, capabl
environmental services, skill
environmental services, solut
environmental services, success
environmental services, activ
environmental services, digniti
environmental services, leadership
environmental services, skill
environmental services, compet
environmental services, activ
environmental services, success
environmental services, lead
environmental services, individu
environmental services, skill
environmental services, individu
environmental services, analyz
environmental services, competit
environmental services, effici
environmental services, success
environmental services, success
environmental services, success
environmental services, compet
environmental services, activ
environmental services, leadership
environmental services, independ
environmental services, compet
environmental services, solut
environmental services, independ
environmental services, object
environmental services, activ
environmental services, certain
environmental services, analyz
environmental services, independ
environmental services, skill
environmental services, independ
environmental services, activ
environmental services, activ
environmental services, activ
environmental services, leader
environmental services, forc
environmental services, activ
environmental services, competit
environmental services, skill
environmental services, digniti
environmental services, solut
environmental services, leadership
environmental services, lead
environmental services, individu
environmental services, skill
environmental services, skill
environmental services, lead
environmental services, success
environmental services, effici
environmental services, strategi
environmental services, solut
environmental services, individu
environmental services, analyz
environmental services, activ
environmental services, compet
environmental services, solut
environmental services, skill
environmental services, lead
environmental services, individu
environmental services, success
environmental services, skill
environmental services, activ
environmental services, skill
environmental services, activ
environmental services, analyz
environmental services, independ
environmental services, activ
environmental services, challeng
environmental services, skill
environmental services, strength
environmental services, digniti
environmental services, solut
environmental services, lead
environmental services, success
environmental services, determin
environmental services, solut
environmental services, superior
environmental services, challeng
environmental services, strength
environmental services, strategi
environmental services, lead
environmental services, leadership
environmental services, lead
environmental services, individu
environmental services, leader
environmental services, leadership
environmental services, object
environmental services, activ
environmental services, activ
environmental services, lead
environmental services, success
environmental services, focus
environmental services, achiev
environmental services, decis
environmental services, leadership
environmental services, lead
environmental services, individu
environmental services, success
environmental services, power
environmental services, object
environmental services, achiev
environmental services, lead
environmental services, leader
environmental services, determin
environmental services, success
environmental services, success
environmental services, skill
environmental services, strategi
environmental services, skill
environmental services, lead
environmental services, individu
environmental services, power
environmental services, challeng
environmental services, activ
environmental services, capabl
environmental services, solut
environmental services, skill
environmental services, achiev
environmental services, skill
environmental services, capabl
environmental services, individu
environmental services, strategi
environmental services, effici
environmental services, lead
environmental services, individu
environmental services, decis
environmental services, decis
environmental services, success
environmental services, individu
environmental services, capabl
environmental services, individu
environmental services, individu
environmental services, individu
environmental services, activ
environmental services, individu
environmental services, fulfil
environmental services, solut
environmental services, activ
environmental services, success
environmental services, activ
environmental services, individu
environmental services, individu
environmental services, effici
environmental services, skill
environmental services, competit
environmental services, fulfil
environmental services, leadership
environmental services, competit
environmental services, achiev
environmental services, leadership
environmental services, independ
environmental services, lead
environmental services, competit
environmental services, individu
environmental services, effici
environmental services, activ
environmental services, skill
environmental services, individu
environmental services, focus
environmental services, solut
environmental services, analyt
environmental services, lead
environmental services, activ
environmental services, focus
environmental services, leadership
environmental services, analyt
environmental services, certain
environmental services, success
environmental services, skill
environmental services, skill
environmental services, pride
environmental services, achiev
environmental services, success
environmental services, individu
environmental services, activ
environmental services, competit
environmental services, certain
environmental services, solut
environmental services, solut
environmental services, individu
environmental services, determin
environmental services, effici
environmental services, leader
environmental services, skill
environmental services, activ
environmental services, skill
environmental services, success
environmental services, object
environmental services, leadership
environmental services, fulfil
environmental services, skill
environmental services, determin
environmental services, focus
environmental services, leader
environmental services, analyt
environmental services, object
environmental services, leader
environmental services, lead
environmental services, pride
environmental services, analyt
environmental services, competit
environmental services, challeng
environmental services, individu
environmental services, success
environmental services, success
environmental services, success
environmental services, competit
environmental services, achiev
environmental services, success
environmental services, achiev
environmental services, fulfil
environmental services, principl
environmental services, determin
environmental services, focus
environmental services, decis
environmental services, pride
environmental services, success
environmental services, focus
environmental services, certain
environmental services, success
environmental services, analyt
environmental services, object
environmental services, compet
environmental services, skill
environmental services, analyz
environmental services, skill
environmental services, decis
environmental services, competit
environmental services, achiev
environmental services, skill
environmental services, object
environmental services, solut
environmental services, analysi
environmental services, skill
environmental services, solut
environmental services, independ
environmental services, solut
environmental services, principl
environmental services, competit
environmental services, effici
environmental services, activ
environmental services, intellectu
environmental services, activ
environmental services, challeng
environmental services, achiev
environmental services, competit
environmental services, analysi
environmental services, effici
environmental services, object
environmental services, compet
environmental services, analyt
environmental services, skill
environmental services, leadership
environmental services, strateg
environmental services, determin
environmental services, skill
environmental services, competit
environmental services, achiev
environmental services, success
environmental services, boast
environmental services, boast
environmental services, skill
environmental services, object
environmental services, lead
environmental services, success
environmental services, analyz
environmental services, power
environmental services, independ
environmental services, effici
environmental services, lead
environmental services, effici
environmental services, object
environmental services, skill
environmental services, compet
environmental services, forc
environmental services, competit
environmental services, decis
environmental services, analyz
environmental services, skill
environmental services, competit
environmental services, focus
environmental services, compet
environmental services, skill
environmental services, competit
environmental services, challeng
environmental services, challeng
environmental services, competit
environmental services, analysi
environmental services, analyt
environmental services, object
environmental services, capabl
environmental services, object
environmental services, lead
environmental services, skill
environmental services, analyz
environmental services, success
environmental services, activ
environmental services, skill
environmental services, compet
environmental services, compet
environmental services, competit
environmental services, skill
environmental services, skill
environmental services, challeng
environmental services, competit
environmental services, challeng
environmental services, focus
environmental services, lead
environmental services, activ
environmental services, success
environmental services, skill
environmental services, activ
environmental services, skill
environmental services, achiev
environmental services, skill
environmental services, challeng
environmental services, competit
environmental services, lead
environmental services, skill
environmental services, determin
environmental services, determin
environmental services, analyz
environmental services, skill
environmental services, competit
environmental services, focus
environmental services, digniti
environmental services, compet
environmental services, fulfil
environmental services, skill
environmental services, success
environmental services, analyt
environmental services, effici
environmental services, independ
environmental services, skill
environmental services, leader
environmental services, individu
environmental services, challeng
environmental services, certain
environmental services, skill
environmental services, skill
environmental services, skill
environmental services, activ
environmental services, analysi
environmental services, solut
environmental services, determin
environmental services, strength
environmental services, focus
environmental services, success
environmental services, independ
environmental services, skill
environmental services, forc
environmental services, lead
environmental services, compet
environmental services, strength
environmental services, focus
environmental services, competit
environmental services, skill
environmental services, object
environmental services, determin
environmental services, determin
environmental services, analysi
environmental services, skill
environmental services, success
environmental services, compet
environmental services, skill
environmental services, independ
environmental services, lead
environmental services, compet
environmental services, strength
environmental services, strength
environmental services, focus
environmental services, object
environmental services, certain
environmental services, determin
environmental services, analysi
environmental services, independ
environmental services, individu
environmental services, lead
environmental services, compet
environmental services, individu
environmental services, analysi
environmental services, object
environmental services, achiev
environmental services, activ
environmental services, suggest
environmental services, power
environmental services, activ
environmental services, individu
environmental services, compet
environmental services, independ
environmental services, competit
environmental services, activ
environmental services, effici
environmental services, leader
environmental services, leadership
environmental services, focus
environmental services, activ
environmental services, decis
environmental services, decis
environmental services, focus
environmental services, analysi
environmental services, strength
environmental services, leader
environmental services, skill
environmental services, certain
environmental services, object
environmental services, analyt
environmental services, individu
environmental services, power
environmental services, challeng
environmental services, strategi
environmental services, skill
environmental services, achiev
environmental services, fulfil
environmental services, certain
environmental services, decis
environmental services, individu
environmental services, challeng
environmental services, activ
environmental services, certain
environmental services, decis
environmental services, individu
environmental services, activ
environmental services, challeng
environmental services, skill
environmental services, achiev
environmental services, object
environmental services, certain
environmental services, leader
environmental services, skill
environmental services, confid
environmental services, competit
environmental services, achiev
environmental services, independ
environmental services, individu
environmental services, pride
environmental services, leadership
environmental services, capabl
environmental services, success
environmental services, decis
environmental services, individu
environmental services, analyt
environmental services, competit
environmental services, activ
environmental services, leadership
environmental services, individu
environmental services, effici
environmental services, leadership
environmental services, effici
environmental services, individu
environmental services, success
environmental services, focus
environmental services, decid
environmental services, strateg
environmental services, certain
environmental services, lead
environmental services, achiev
environmental services, logic
environmental services, independ
environmental services, skill
environmental services, challeng
environmental services, capabl
environmental services, independ
environmental services, digniti
environmental services, digniti
environmental services, independ
environmental services, courag
environmental services, solut
environmental services, skill
environmental services, skill
environmental services, success
environmental services, success
environmental services, decis
environmental services, leadership
environmental services, challeng
environmental services, individu
environmental services, principl
environmental services, analyt
environmental services, certain
environmental services, individu
environmental services, solut
environmental services, strateg
environmental services, success
environmental services, competit
environmental services, determin
